-- -table for education_master---

create table education_master(educationId BIGINT UNIQUE NOT NULL AUTO_INCREMENT, name VARCHAR(250) NOT NULL, active BIGINT NOT NULL DEFAULT 1, PRIMARY KEY(educationId))ENGINE=InnoDB DEFAULT CHARSET=utf8;



-- --table for occupation_master---

create table occupation_master(occupationId BIGINT UNIQUE NOT NULL AUTO_INCREMENT, name VARCHAR(250) NOT NULL, active BIGINT NOT NULL DEFAULT 1, PRIMARY KEY(occupationId))ENGINE=InnoDB DEFAULT CHARSET=utf8;

-- --table for hobies_master---

create table hobies_master(hobiesId BIGINT UNIQUE NOT NULL AUTO_INCREMENT, name VARCHAR(250) NOT NULL, active BIGINT NOT NULL DEFAULT 1, PRIMARY KEY(hobiesId))ENGINE=InnoDB DEFAULT CHARSET=utf8;


-- ---table for interests_master---

create table interests_master(interestId BIGINT UNIQUE NOT NULL AUTO_INCREMENT, name VARCHAR(250) NOT NULL, active BIGINT NOT NULL DEFAULT 1, PRIMARY KEY(interestId))ENGINE=InnoDB DEFAULT CHARSET=utf8;

-- -table for musics_master---

create table musics_master(musicId BIGINT UNIQUE NOT NULL AUTO_INCREMENT, name VARCHAR(250) NOT NULL, active BIGINT NOT NULL DEFAULT 1, PRIMARY KEY(musicId))ENGINE=InnoDB DEFAULT CHARSET=utf8;

-- -table for reading_master----

create table reading_master(musicId BIGINT UNIQUE NOT NULL AUTO_INCREMENT, name VARCHAR(250) NOT NULL, active BIGINT NOT NULL DEFAULT 1, PRIMARY KEY(musicId))ENGINE=InnoDB DEFAULT CHARSET=utf8;

-- -table for movies_master---

create table movies_master(moviesId BIGINT UNIQUE NOT NULL AUTO_INCREMENT, name VARCHAR(250) NOT NULL, active BIGINT NOT NULL DEFAULT 1, PRIMARY KEY(moviesId))ENGINE=InnoDB DEFAULT CHARSET=utf8;

-- -table for activities_master---

create table activities_master(activitiesId BIGINT UNIQUE NOT NULL AUTO_INCREMENT, name VARCHAR(250) NOT NULL, active BIGINT NOT NULL DEFAULT 1, PRIMARY KEY(activitiesId))ENGINE=InnoDB DEFAULT CHARSET=utf8;

-- -tables for cuisines_master---

create table cuisines_master(cuisineId BIGINT UNIQUE NOT NULL AUTO_INCREMENT, name VARCHAR(250) NOT NULL, active BIGINT NOT NULL DEFAULT 1, PRIMARY KEY(cuisineId))ENGINE=InnoDB DEFAULT CHARSET=utf8;

-- tables for signs_master---

create table signs_master(signId BIGINT UNIQUE NOT NULL AUTO_INCREMENT, name VARCHAR(250) NOT NULL, image VARCHAR(250) NOT NULL, active BIGINT NOT NULL DEFAULT 1, PRIMARY KEY(signId))ENGINE=InnoDB DEFAULT CHARSET=utf8;


-- -table for astrodate_master---

create table astrodate_master(astrodateId BIGINT UNIQUE NOT NULL AUTO_INCREMENT, name VARCHAR(250) NOT NULL, active BIGINT NOT NULL DEFAULT 1, PRIMARY KEY(astrodateId))ENGINE=InnoDB  DEFAULT CHARSET=utf8;

-- -table for bodyType_master--

create table bodytype_master(id BIGINT UNIQUE NOT NULL AUTO_INCREMENT, name VARCHAR(250) NOT NULL, active BIGINT NOT NULL DEFAULT 1, PRIMARY KEY(id))ENGINE=InnoDB AUTO_INCREMENT=0 DEFAULT CHARSET=utf8;


-- -table for complexion_master--

create table complexion_master(id BIGINT UNIQUE NOT NULL AUTO_INCREMENT, name VARCHAR(250) NOT NULL, active BIGINT NOT NULL DEFAULT 1, PRIMARY KEY(id))ENGINE=InnoDB AUTO_INCREMENT=0 DEFAULT CHARSET=utf8;

-- --table for country

create table country(countryId BIGINT UNIQUE NOT NULL AUTO_INCREMENT, name VARCHAR(250) NOT NULL, active BIGINT NOT NULL DEFAULT 1, PRIMARY KEY(countryId))ENGINE=InnoDB DEFAULT CHARSET=utf8;	

-- -table for states----

create table states(stateId BIGINT UNIQUE NOT NULL AUTO_INCREMENT, countryId BIGINT NOT NULL, name VARCHAR(250) NOT NULL, active BIGINT NOT NULL DEFAULT 1, PRIMARY KEY(stateId), FOREIGN KEY (countryId) REFERENCES country(countryId))ENGINE=InnoDB DEFAULT CHARSET=utf8;

-- -table for districts---


create table districts(districtId BIGINT UNIQUE NOT NULL AUTO_INCREMENT, stateId BIGINT NOT NULL, name VARCHAR(250) NOT NULL, active BIGINT NOT NULL DEFAULT 1, PRIMARY KEY(districtId), FOREIGN KEY (stateId) REFERENCES states(stateId))ENGINE=InnoDB DEFAULT CHARSET=utf8;

-- -table for places---

create table places(placeId BIGINT UNIQUE NOT NULL AUTO_INCREMENT, districtId BIGINT NOT NULL, name VARCHAR(250) NOT NULL, type BIGINT NOT NULL DEFAULT 0, active BIGINT NOT NULL DEFAULT 1, PRIMARY KEY(placeId), FOREIGN KEY (districtId) REFERENCES districts(districtId))ENGINE=InnoDB DEFAULT CHARSET=utf8;

-- -table for languages--

create table languages(languageId BIGINT UNIQUE NOT NULL AUTO_INCREMENT, name VARCHAR(250) NOT NULL, active BIGINT NOT NULL DEFAULT 1, PRIMARY KEY(languageId))ENGINE=InnoDB DEFAULT CHARSET=utf8;

-- -table for religion---

create table religion(religionId BIGINT UNIQUE NOT NULL AUTO_INCREMENT, name VARCHAR(250) NOT NULL, active BIGINT NOT NULL DEFAULT 1, PRIMARY KEY(religionId))ENGINE=InnoDB DEFAULT CHARSET=utf8;

-- -table for caste----

create table caste(casteId BIGINT UNIQUE NOT NULL AUTO_INCREMENT, religionId BIGINT NOT NULL, name VARCHAR(250) NOT NULL, active BIGINT NOT NULL DEFAULT 1, PRIMARY KEY(casteId), FOREIGN KEY (religionId) REFERENCES religion(religionId))ENGINE=InnoDB DEFAULT CHARSET=utf8;

-- -table for sub caste----

create table subcaste(subcasteId BIGINT UNIQUE NOT NULL AUTO_INCREMENT,casteId BIGINT NOT NULL, name VARCHAR(250) NOT NULL, active BIGINT NOT NULL DEFAULT 1, PRIMARY KEY(subcasteId), FOREIGN KEY (casteId) REFERENCES caste(casteId))ENGINE=InnoDB DEFAULT CHARSET=utf8;

-- hobies_master
insert into hobies_master(name) values ("Acting"), ("Astronomy"), ("Astrology"), ("Art/Handicrafts"), ("Collectibles"), ("Cooking") , ("Crosswords") , 

("Dancing") , ("Film-making") , ("Fishing"), ("Gardening/landscaping"), ("Graphology") , ("Nature"), ("Numerology"), ("Painting"), ("Palmistory"), ("Pets"), 

("Photography"), ("Playing Musical instruments"), ("Puzzles");

-- interests table

insert into interests_master(name) values ("Adventure Sports"), ("Book Clubs"), ("Computer Games"), ("Health & Fitness"), ("Internet"), ("Learning new 

languages") , ("Movies") , ("Music") , ("Politics") , ("Reading"), ("Social Service"), ("Sports") , ("Yoga"), ("Alternative healing medicine");


-- musics table

insert into musics_master(name) values ("Blues"), ("Devotional"), ("Disco"), ("Film Songs"), ("Ghazals"), ("Hip-Hop") , ("Heavy metal") , ("House Music") , 

("Indian classical") , ("Indipop"), ("Jazz"), ("Pop") , ("Qawalis"), ("Rap"), ("Reggae"), ("Sufi"), ("Techno"), ("Western Classical"), ("I am not a music 

fan");

-- reading table

insert into reading_master(name) values ("Actually a Bookworm"), ("Biographies"),("Business/Occupational"), ("Clasics"), ("Comics"), ("Fantasy"), ("History") 

, ("Humour") , ("Dancing") , ("Literature") , ("Magazines/Newspaper"), ("Philosphy/Spiritual"), ("Poetry") , ("Romance"), ("Science Fiction"), ("Self help"), 

("Short stories"), ("Stay away from books"), ("Thriller/Suspense");


-- movies table

insert into movies_master(name) values ("Action/Suspense"), ("Comedy"),("Classics"), ("Drama"), ("Documentaries"), ("Epics"), ("Horror") , ("Romantic") , 

("Short film") , ("Sci-Fi & Fantasy") , ("Not into movies"), ("Poetry"), ("Romance"), ("Science Fiction"), ("Self help"), ("Non-Commercial/Art"), ("World 

Cinema"), ("Movie fanatic");

-- activities table

insert into activities_master(name) values ("Adventure Sports"), ("Aerobics"),("Basketball"), ("Badminton"), ("Bowling"), ("Billiards/Snooker/Pool"), 

("Cricket") , ("Cycling") , ("Card Games") , ("Carom") , ("Chess"), ("Football"), ("Golf"), ("Hockey"), ("Jogging/Walking"), ("Martial Arts"), ("Scrabble"), 

("Squash"), ("Swimming/Water Sports"), ("Table tennis"), ("Tennis"), ("Volleyball"), ("Weight Lifting"),("Yoga/Medidation");

-- cuisines table

insert into cuisines_master(name) values ("Arabic"), ("Bengali"),("Chinese"), ("Continental"), ("Gujarati"), ("Italian"), ("Konkan") , ("Mexican") , 

("Mughlai") , ("Not a foodie") , ("Punjabi"), ("Rajasthani"), ("South Indian"), ("Sushi"), ("Thai"), ("I am a foodie"), ("Traditional");

-- languages table

insert into languages(name) values ("Hindi"), ("Bengali"),("Telugu"), ("Marathi"), ("Tamil"), ("Urdu") , ("Gujarati") , ("Kannada") , ("Malayalam") , ("Oriya"), ("Punjabi"), ("Assamese"), ("Maithili"), ("Bhili/Bhilodi"), ("Santali"), ("Kashmiri"), ("Nepali"), ("Gondi"), ("Sindhi"), ("Konkani"), ("Dogri"), ("Khandeshi"), ("Kurukh"), ("Tulu"), ("Meitei/Manipuri"), ("Bodo"), ("Khasi"), ("Mundari"), ("Ho");

-- occupation master data
insert into occupation_master(name) values ("Any"), ("Accounts/Finance Professional"),("Advertising/PR professionals"), ("Agriculture & Farming Professionals"), ("Air Hostess"), ("Airforce") , ("Airline Professional") , ("Architect") , ("Army") , ("Arts & Craftman"), ("Auditor"), ("Banking service Professional"), ("CEO/President, Director,Chairman"), ("Civil Services(IAS,IPS,IRS,IES,IFS)"), ("Clerk"), ("Company Secratary"), ("Consultant"), ("Customer care professional"), ("Doctor"), ("Education professional"), ("Engineer- Non IT"), ("Entertainment Professional"), ("Event Management Proffesional"), ("Executive"), ("Fashion Designer"), ("Hardware Professional"), ("Health care Professional"), ("Hotel- Hospitality Professional"), ("Interior Designer") ,("Journilist"), ("Law enforcement Officer"), ("Manager"), ("Mariner/Mergent Navy"), ("Marketing Professiona"), ("Media professional"), ("Navy"), ("Nurse"), ("Officer"), ("Paramedical Professional"), ("Professor/Lecturer"), ("Sales Professional"), ("Scientists/ Resercher"), ("Social Worker"), ("Software Professional"), ("Sportsman"), ("Supervisor"), ("Teaching/Academician"), ("Technician"), ("Human Resources professional"), ("Financial Analyst/Planing"), ("Designer- IT & Engineering"), ("Designer- Media & Entertainment"), ("Student"), ("Librarian"), ("Financial Accountant"), ("Business Analyst"), ("Others"), ("Business"), ("Not Working");

-- education_master table

insert into education_master(name) values ("Any"), ("Bachelors- Engineering, Computers"),("Masters- Engineering, Computers"), ("Bachelors- 

Arts/Science/commerce/B phil"), ("Masters- Arts/Science/Commerce/M phil"), ("Management- BBA/MBA") , ("Medicine- General/Dental/Surgeon") , ("Legal- 

BL/ML/LLB/CCM") , ("Finanace- ICWAI/CA/CS") , ("Service- IAS/IPS/IRS/IES/IFS"), ("PHD"), ("Diploma"), ("Higher Secondary, Secondary");


-- signs_master table

insert into signs_master(name) values ("Aries"), ("Taurus"),("Gemini"), ("Cancer"), ("Leo"), ("Virgo") , ("Libra") , ("Scorpio") , ("Sagittarius") , 

("Capricon"), ("Aquarius"), ("Pisces");


-- astrodate_master table

insert into astrodate_master(name) values ("Aswathi"), ("Bharani"),("Karthika"), ("Rohini"), ("Makayiram"),("Thiruvathira") , 

("Punartham") , ("Pooyam") , ("Ayilyam"), ("Magam"), ("Pooram"), ("Uthram"),("Atham"), ("Chithira"), ("Chothi"), ("Vishakham"), ("Anizham"), ("Ketta"), 

("Moolam"), ("Thiruvonam"), ("Avittam"), ("Chadayam"), ("Pooruttathi"), ("Uthirattathi"), ("Revathi");


-- religion table

insert into religion(name) values("Hindu"),("Muslim-Shia"),("Muslim-Sunni"),("Muslim-Other"),("Christian-Catholic"),("Christian-Orthodox"),("Christian-Protestent"),("Christian-Other"),("Sikh"),("Jain-Digambar"),("Jain-Shetambar"),("Jain-Other"),("Parsi"),("Buddhist"),("InterReligion");

--	Insert query for caste table
insert into caste(name,religionId) values("Ambalavasi",1),("Bramin-Iyer",1),("Bramin-Namboodiri",1),("Brahmin-Saraswat",1),("Brahmin-Other",1),("Chettiyar",1),("Dheevara",1),("Ezhava",1),("Ezhuthachan",1),("Gatti",1),("Guptan",1),("Intercaste",1),("Iyer Brahmin",1),("Kavuthiyya/Ezhavathy",1),("Krishnavak",1),("Kshatriya",1),("Kudumbi",1),("Mapila",1),("Mudaliyar",1),("Nadar",1),("Naidu",1),("Nair ",1),("Nambiar",1),("Nambudhiri brahmin",1),("Panikkar",1),("Rajput",1),("SC",1),("ST",1),("Saliya",1),("Saraswath Brahmin",1),("Thiyya",1),("VanikaVyshya",1),("Vaier",1),("Veera Saivam",1),("Velan",1),("Veluthedathu Nair",1),("Vilakkithala Nair",1),("Vishwakarma",1),("Yadav",1),("Muslim-Ansari",2),("Muslim-Arain",2),("Muslim-Awan",2),("Muslim-Bohra",2),("Muslim-Dekkani",2),("Muslim-Dudekula",2),("Muslim-Hanafi",2),("Muslim-Jat",2),("Muslim-Khoja",2),("Muslim-Lebbai",2),("Muslim-Malik",2),("Muslim-Mapila",2),("Muslim-Maraicar",2),("Muslim-Memon",2),("Muslim-Mughal",2),("Muslim-Other",2),("Muslim-Pathan",2),("Muslim-Qureshi",2),("Muslim-Rajput",2),("Muslim-Rowther",2),("Muslim-Shafi",2),("Muslim-Shekh",2),("Muslim-Siddiqui",2),("Muslim-Syed",2),("Muslim-Unspecified",2),("Don't wish to specify",2),("Muslim-Ansari",3),("Muslim-Arain",3),("Muslim-Awan",3),("Muslim-Bohra",3),("Muslim-Dekkani",3),("Muslim-Dudekula",3),("Muslim-Hanafi",3),("Muslim-Jat",3),("Muslim-Khoja",3),("Muslim-Lebbai",3),("Muslim-Malik",3),("Muslim-Mapila",3),("Muslim-Maraicar",3),("Muslim-Memon",3),("Muslim-Mughal",3),("Muslim-Other",3),("Muslim-Pathan",3),("Muslim-Qureshi",3),("Muslim-Rajput",3),("Muslim-Rowther",3),("Muslim-Shekh",3),("Muslim-Siddiqui",3),("Muslim-Syed",3),("Muslim-Unspecified",3),("Muslim-Ansari",4),("Muslim-Arain",4),("Muslim-Awan",4),("Muslim-Bohra",4),("Muslim-Dekkani",4),("Muslim-Dudekula",4),("Muslim-Hanafi",4),("Muslim-Jat",4),("Muslim-Khoja",4),("Muslim-Lebbai",4),("Muslim-Malik",4),("Muslim-Mapila",4),("Muslim-Maraicar",4),("Muslim-Memon",4),("Muslim-Mughal",4),("Muslim-Other",4),("Muslim-Pathan",4),("Muslim-Qureshi",4),("Muslim-Rajput",4),("Muslim-Rowther",4),("Muslim-Shafi",4),("Muslim-Shekh",4),("Muslim-Siddiqui",4),("Muslim-Syed",4),("Muslim-Unspecified",4),("Don't wish to specify",4),("Christian-Bornagain",5),("Christian-Bretheren",5),("Christian-CSI",5),("Christian-Evangelist",5),("Christian-Jacobite",5),("Christian-Knanaya",5),("Christian-Knanaya Catholic",5),("Christian-Knanaya Jacobite",5),("Christian-Latin Catholic",5),("Christian-Malankara",5),("Christian-Marthoma",5),("Christian-Other",5),("Christian-Penthecost",5),("Christian-Roman Catholic",5),("Christian-Seventh-Day-Adventist",5),("Christian-Syrian Catholic",5),("Christian-Syrian Jacobite",5),("Christian-Syrian Orthodox",5),("Christian-Syro Malabar",5),("Christian-Unspecifed",5),("Don't wish to specify",5),("Christian-Bornagain",6),("Christian-Bretheren",6),("Christian-CSI",6),("Christian-Evangelist",6),("Christian-Jacobite",6),("Christian-Knanaya",6),("Christian-Knanaya Catholic",6),("Christian-Knanaya Jacobite",6),("Christian-Latin Catholic",6),("Christian-Malankara",6),("Christian-Marthoma",6),("Christian-Other",6),("Christian-Penthecost",6),("Christian-Roman Catholic",6),("Christian-Seventh-Day-Adventist",6),("Christian-Syrian Catholic",6),("Christian-Syrian Jacobite",6),("Christian-Syrian Orthodox",6),("Christian-Syro Malabar",6),("Christian-Unspecifed",6),("Don't wish to specify",6),("Christian-Bornagain",7),("Christian-Bretheren",7),("Christian-CSI",7),("Christian-Evangelist",7),("Christian-Jacobite",7),("Christian-Knanaya",7),("Christian-Knanaya Catholic",7),("Christian-Knanaya Jacobite",7),("Christian-Latin Catholic",7),("Christian-Malankara",7),("Christian-Marthoma",7),("Christian-Other",7),("Christian-Penthecost",7),("Christian-Roman Catholic",7),("Christian-Seventh-Day-Adventist",7),("Christian-Syrian Catholic",7),("Christian-Syrian Jacobite",7),("Christian-Syrian Orthodox",7),("Christian-Syro Malabar",7),("Christian-Unspecifed",7),("Don't wish to specify",7),("Christian-Bornagain",8),("Christian-Bretheren",8),("Christian-CSI",8),("Christian-Evangelist",8),("Christian-Jacobite",8),("Christian-Knanaya",8),("Christian-Knanaya Catholic",8),("Christian-Knanaya Jacobite",8),("Christian-Latin Catholic",8),("Christian-Malankara",8),("Christian-Marthoma",8),("Christian-Other",8),("Christian-Penthecost",8),("Christian-Roman Catholic",8),("Christian-Seventh-Day-Adventist",8),("Christian-Syrian Catholic",8),("Christian-Syrian Jacobite",8),("Christian-Syrian Orthodox",8),("Christian-Syro Malabar",8),("Christian-Unspecifed",8),("Don't wish to specify",8),("Sikh-Ahluwalia",9),("Sikh-Arora",9),("Sikh-Bhatia",9),("Sikh-Bhatra",9),("Sikh-Ghumar",9),("Sikh-Intercaste",9),("Sikh-Jat",9),("Sikh-Kamboj",9),("Sikh-Khatri",9),("Sikh-Kshatriya",9),("Sikh-Lubana",9),("Sikh-Majabi",9),("Sikh-Nai",9),("Sikh-Other",9),("Sikh-Rajput",9),("Sikh-Ramdasia",9),("Sikh-Ramgharia",9),("Sikh-Ravidasia",9),("Sikh-Saini",9),("Sikh-Tonk Kshathriya",9),("Sikh-Unspecified",9),("Don't wish to specify",9),("Jain-Agarwal",10),("Jain-Bania",10),("Jain-Intercaste",10),("Jain-Jaiswal",10),("Jain-KVO",10),("Jain-Khandelwal",10),("Jain-Kutchi",10),("Jain-Oswal",10),("Jain-Other",10),("Jain-Porwal",10),("Jain-Unspecified",10),("Jain-Vaishya",10),("Don't wish to specify",10),("Jain-Agarwal",11),("Jain-Bania",11),("Jain-Intercaste",11),("Jain-Jaiswal",11),("Jain-KVO",11),("Jain-Khandelwal",11),("Jain-Kutchi",11),("Jain-Oswal",11),("Jain-Other",11),("Jain-Porwal",11),("Jain-Unspecified",11),("Jain-Vaishya",11),("Don't wish to specify",11),("Jain-Agarwal",12),("Jain-Bania",12),("Jain-Intercaste",12),("Jain-Jaiswal",12),("Jain-KVO",12),("Jain-Khandelwal",12),("Jain-Kutchi",12),("Jain-Oswal",12),("Jain-Other",12),("Jain-Porwal",12),("Jain-Unspecified",12),("Jain-Vaishya",12),("Don't wish to specify",12),("Intercaste",13),("Irani",13),("Parsi",13),("Other",13),("Don't wish to specify",13),("Other",14),("Don't wish to specify",14),("Ad Dharmi",15),("Ad Andhra",15),("ad Dravida",15),("Ad Karnataka",15),("Agarwal",15),("Agnikula Kshatriya",15),("Agri",15),("Ahom",15),("Ambalavasi",15),("Amil Sindhi",15),("Anavil Brahmin",15),("Arekatica",15),("Arora",15),("Arunthathiyar",15),("Arya Vysya",15),("Audichya Brahmin",15),("Ayyaraka",15),("Badaga",15),("Bagdi",15),("Baibhand Sindhi",15),("Baidya",15),("Baishnab",15),("Baishya",15),("Bajantri",15),("Balija",15),("Banayat Oriya",15),("Banik",15),("Baniya",15),("Baniya-Bania",15),("Baniya-Kumuti",15),("Banjara",15),("Barai",15),("Barendra Brahmin",15),("Barujibi",15),("Besta",15),("Bhandari",15),("Bhanusali Sindhi",15),("Bhatia",15),("Bhatia Sindhi",15),("Bhatraju",15),("Bhatt Brahmin",15),("Bhavasar Kshatriya",15),("Bhoi",15),("Bhovi",15),("Bhumihar Brahmin",15),("Billava",15),("Bishnoi/Vishnoi",15),("Bondili",15),("Boyar",15),("Brahmbatt",15),("Brahmin-Anavil",15),("Audichya",15),("Baraendra",15),("Bhatt Brahmin",15),("Bhumihar Brahmin",15),("Dhiman",15),("Dravida",15),("Garhwali",15),("Gaur",15),("Goswami/Gosavi",15),("Gujar Gaur",15),("Gurukkal",15),("Halua",15),("Hvyaka",15),("Hoysala",15),("Iyenger",15),("Iyer",15),("Janigid",15),("Jhadua",15),("Jyothish",15),("Kanyakubj",15);

-- insert country 
INSERT INTO `country` (`countryId`, `name`, `active`) VALUES(1, 'India', 1),(2, 'Srilanka', 1);

-- Insert query for states --
INSERT INTO `states` (`stateId`, `countryId`, `name`, `active`) VALUES
(1, 1, 'Kerala', 1),
(2, 1, 'Karnataka', 1),
(3, 1, 'Tamil Nadu', 1),
(4, 1, 'Andhra Pradesh', 1),
(5, 1, 'Delhi', 1),
(6, 1, 'Punjab', 1),
(7, 1, 'Haryana', 1),
(8, 1, 'Uttar Pradesh', 1),
(9, 1, 'Himachal Pradesh', 1),
(10, 1, 'Uttrakhand', 1),
(11, 1, 'Jammu & Kashmir', 1),
(12, 1, 'Bihar', 1),
(13, 1, 'Maharashtra', 1),
(14, 1, 'Arunachal Pradesh', 1),
(15, 1, 'Madhya Pradesh', 1);




-- insert for districts --

INSERT INTO `districts` (`districtId`, `stateId`, `name`, `active`) VALUES
(1, 1, 'Alapuzha', 1),
(2, 1, 'CALICUIT', 1),
(3, 1, 'IDUKKI', 1),
(4, 1, 'KANNUR', 1),
(5, 1, 'KASARGOD', 1),
(6, 1, 'KOTTAYAM', 1),
(7, 1, 'MALAPPURAM', 1),
(8, 1, 'PALAKKAD', 1),
(9, 1, 'ERNAKULAM', 1),
(10, 1, 'PATHANAMTHITTA', 1),
(11, 1, 'THRISSUR', 1),
(12, 1, 'THIRUVANANTHAPURAM', 1),
(13, 1, 'WAYANAD', 1);




-- insert for places

INSERT INTO `places` (`placeId`, `districtId`, `name`, `type`, `active`) VALUES
(1, 1, 'Alappuzha', 1, 1),
(2, 1, 'Chengannur', 1, 1),
(3, 1, 'Cherthala', 1, 1),
(4, 1, 'Kayamkulam', 1, 1),
(5, 1, 'Mavelikkara', 1, 1),
(6, 1, 'Ala', 0, 1),
(7, 1, 'Ambalapuzha North', 0, 1),
(8, 1, 'Ambalapuzha South', 0, 1),
(9, 1, 'Arattupuzha', 0, 1),
(10, 1, 'Ariyad', 0, 1),
(11, 1, 'Aroor', 0, 1),
(12, 1, 'Bharanikkavu', 0, 1),
(13, 1, 'Bhuthannur', 0, 1),
(14, 1, 'Champakulam', 0, 1),
(15, 1, 'Cheriyanad', 0, 1),
(16, 1, 'Chennampalipuram', 0, 1),
(17, 1, 'Chennithala -Thriperumth', 0, 1),
(18, 1, 'Cheppad', 0, 1),
(19, 1, 'Cherthala south', 0, 1),
(20, 1, 'Cheruthana', 0, 1),
(21, 1, 'Chettikulangara', 0, 1),
(22, 1, 'Chingoly', 0, 1),
(23, 1, 'Chunakkara', 0, 1),
(24, 1, 'Devikulangara', 0, 1),
(25, 1, 'Edathua', 0, 1),
(26, 1, 'Ezhupunna', 0, 1),
(27, 1, 'Haripad', 0, 1),
(28, 1, 'Kadakkarappally', 0, 1),
(29, 1, 'Kainakari', 0, 1),
(30, 1, 'Kanjikkuzhi', 0, 1),
(31, 1, 'Kanthallur', 0, 1),
(32, 1, 'Kavalam', 0, 1),
(33, 1, 'Kodamthuruthu', 0, 1),
(34, 1, 'Krishnapuram', 0, 1),
(35, 1, 'Kumarapuram', 0, 1),
(36, 1, 'Karthigappally', 0, 1),
(37, 1, 'Karuvatta', 0, 1),
(38, 1, 'Kuthiyathodu', 0, 1),
(39, 1, 'Mannancherry', 0, 1),
(40, 1, 'Mannar', 0, 1),
(41, 1, 'Mararikulam North', 0, 1),
(42, 1, 'Marrarikulam South', 0, 1),
(43, 1, 'Mavelikkara Thekkekkara', 0, 1),
(44, 1, 'Muhamma', 0, 1),
(45, 1, 'Mulakuzha', 0, 1),
(46, 1, 'Muthukulam', 0, 1),
(47, 1, 'Muttar', 0, 1),
(48, 1, 'Nedumudi', 0, 1),
(49, 1, 'Nilamperoor', 0, 1),
(50, 1, 'Nooranad', 0, 1),
(51, 1, 'Palamel', 0, 1),
(52, 1, 'Pallippad', 0, 1),
(53, 1, 'Panavally', 0, 1),
(54, 1, 'Pandanad', 0, 1),
(55, 1, 'Pathiyur', 0, 1),
(56, 1, 'Pattanakkad', 0, 1),
(57, 1, 'Perumbalam', 0, 1),
(58, 1, 'Pulinkunnu', 0, 1),
(59, 1, 'Puliyoor', 0, 1),
(60, 1, 'Punnapra North', 0, 1),
(61, 1, 'Punnapra South', 0, 1),
(62, 1, 'Purakkad', 0, 1),
(63, 1, ' Ramankari', 0, 1),
(64, 1, 'Thakazhi', 0, 1),
(65, 1, ' Thalavadi', 0, 1),
(66, 1, 'Thanneermukkam', 0, 1),
(67, 1, 'Thazhakkara', 0, 1),
(68, 1, 'Thiruvandoor', 0, 1),
(69, 1, 'Thrikkunnapuzha', 0, 1),
(70, 1, 'Thuravoor', 0, 1),
(71, 1, 'Thycattuserry', 0, 1),
(72, 1, 'Vallikunnam', 0, 1),
(73, 1, 'Vayalar', 0, 1),
(74, 1, 'Veeyapuram', 0, 1),
(75, 1, 'Venmony', 0, 1),
(76, 1, 'Veliyanad', 0, 1),
(77, 2, 'Koilandy', 1, 1),
(78, 2, 'Vadakara', 1, 1),
(79, 2, 'Atholy', 0, 1),
(80, 2, 'Arikkulam', 0, 1),
(81, 2, 'Azhiyoor', 0, 1),
(82, 2, 'Baalusserry', 0, 1),
(83, 2, 'Beppur', 0, 1),
(84, 2, 'Chaathamangalam', 0, 1),
(85, 2, 'Cherode', 0, 1),
(86, 2, 'Nallalam(Cheruvannoor)', 0, 1),
(87, 2, 'Farook', 0, 1),
(88, 2, 'Kadalundi', 0, 1),
(89, 2, 'Olavanna', 0, 1),
(90, 2, 'Kakkodi', 0, 1),
(91, 2, 'Thalakkulathoor', 0, 1),
(92, 2, 'Kaakkoor', 0, 1),
(93, 2, 'Nanmanda', 0, 1),
(94, 2, 'Ramanaattukara', 0, 1),
(95, 2, 'Kodancherry', 0, 1),
(96, 2, 'Kaarasserry', 0, 1),
(97, 2, 'Kodiyathoor', 0, 1),
(98, 2, 'Kunnamangalam', 0, 1),
(99, 2, 'Kuruvattoor', 0, 1),
(100, 2, 'Mavoor', 0, 1),
(101, 2, 'Mukkom', 0, 1),
(102, 2, 'Peruvayal', 0, 1),
(103, 2, 'Kizhakkoth', 0, 1),
(104, 2, 'Koduvally', 0, 1),
(105, 2, 'Madavoor', 0, 1),
(106, 2, 'Omasserry', 0, 1),
(107, 2, 'Puthuppaady', 0, 1),
(108, 2, 'Thaamarasserry', 0, 1),
(109, 2, 'Koodaranji', 0, 1),
(110, 2, 'Thiruvampady', 0, 1),
(111, 2, 'Chemancherry', 0, 1),
(112, 2, 'Koyilandy', 0, 1),
(113, 2, 'Moodady', 0, 1),
(114, 2, 'Keezhariyoor', 0, 1),
(115, 2, 'Payyoli', 0, 1),
(116, 2, 'Thurayoor', 0, 1),
(117, 2, 'Thikkodi', 0, 1),
(118, 2, 'Chakkittapaara', 0, 1),
(119, 2, 'Changaroth', 0, 1),
(120, 2, 'Narikkuni', 0, 1),
(121, 2, 'Kooraachund', 0, 1),
(122, 2, 'Kottoor', 0, 1),
(123, 2, 'Naduvannoor', 0, 1),
(124, 2, 'Panangaad', 0, 1),
(125, 2, 'Chengottukaav', 0, 1),
(126, 2, 'Koothaali', 0, 1),
(127, 2, 'Meppayoor', 0, 1),
(128, 2, 'Nochaad', 0, 1),
(129, 2, 'Peraampra', 0, 1),
(130, 2, 'Eraamala', 0, 1),
(131, 2, 'Onchiyam', 0, 1),
(132, 2, 'Chekkiyaad', 0, 1),
(133, 2, 'Edacherry', 0, 1),
(134, 2, 'Puramary', 0, 1),
(135, 2, 'Thoonery', 0, 1),
(136, 2, 'Aayancherry', 0, 1),
(137, 2, 'Maniyoor', 0, 1),
(138, 2, 'Thiruvelloor', 0, 1),
(139, 2, 'Kaavilumpaara', 0, 1),
(140, 2, 'Kaayakkody', 0, 1),
(141, 2, 'Kunnummal', 0, 1),
(142, 2, 'Kuttiyaady', 0, 1),
(143, 2, 'Maruthonkara', 0, 1),
(144, 2, 'Cheruvannoor', 0, 1),
(145, 2, 'Kaayanna ', 0, 1),
(146, 2, 'Chelannoor', 0, 1),
(147, 2, 'Elathoor', 0, 1),
(148, 2, 'Naadaapuram', 0, 1),
(149, 2, 'Narippatta', 0, 1),
(150, 2, 'Ulliyeri', 0, 1),
(151, 2, 'Unnikulam', 0, 1),
(152, 2, 'Valayam', 0, 1),
(153, 2, 'Vaanimel', 0, 1),
(154, 2, 'Velam', 0, 1),
(155, 2, 'Villiappally', 0, 1),
(156, 3, 'Thodupuzha', 1, 1),
(157, 3, 'Alacode', 0, 1),
(158, 3, 'Arakkulam', 0, 1),
(159, 3, 'Ayyappancoil', 0, 1),
(160, 3, 'Bisonvalley', 0, 1),
(161, 3, 'Chakkupallom', 0, 1),
(162, 3, 'Chinnacanal', 0, 1),
(163, 3, 'Elappara', 0, 1),
(164, 3, 'Erattayar', 0, 1),
(165, 3, 'Kamakshy', 0, 1),
(166, 3, 'Kanchiyar', 0, 1),
(167, 3, 'Kanjikkuzhy', 0, 1),
(168, 3, 'Kanthallur', 0, 1),
(169, 3, 'Karikode-edavetty', 0, 1),
(170, 3, 'Karimannur', 0, 1),
(171, 3, 'Karunapuram', 0, 1),
(172, 3, 'Kattappana', 0, 1),
(173, 3, 'Kodikulam', 0, 1),
(174, 3, 'Kokkayar', 0, 1),
(175, 3, 'Konnathady', 0, 1),
(176, 3, 'Kudayathur', 0, 1),
(177, 3, 'Kumaramangalam', 0, 1),
(178, 3, 'Kumilly', 0, 1),
(179, 3, 'Manacadu', 0, 1),
(180, 3, 'Mankulam', 0, 1),
(181, 3, 'Mannamkandam', 0, 1),
(182, 3, 'Marayur', 0, 1),
(183, 3, 'Mariyapuram', 0, 1),
(184, 3, 'Munnar', 0, 1),
(185, 3, 'Muttom', 0, 1),
(186, 3, 'Nedumkandom', 0, 1),
(187, 3, 'Pallivasal', 0, 1),
(188, 3, 'Pambadumpara', 0, 1),
(189, 3, 'Peermade', 0, 1),
(190, 3, 'Peruvanthanam', 0, 1),
(191, 3, 'Purapuzha', 0, 1),
(192, 3, 'Rajakkadu', 0, 1),
(193, 3, 'Santhanpara', 0, 1),
(194, 3, 'Thodupuzha', 0, 1),
(195, 3, 'Udumbanchola', 0, 1),
(196, 3, 'Udumbannur', 0, 1),
(197, 3, 'Upputhara', 0, 1),
(198, 3, 'Vandanmettu', 0, 1),
(199, 3, 'Vandiperiyar', 0, 1),
(200, 3, 'Vannapuram', 0, 1),
(201, 3, 'Vathikudi', 0, 1),
(202, 3, 'Vazhathoppu', 0, 1),
(203, 3, 'Veliyamattom', 0, 1),
(204, 3, 'Vellathuval', 0, 1),
(205, 4, 'Kannur', 1, 1),
(206, 4, 'Koothuparambu', 1, 1),
(207, 4, 'Mattannoor', 1, 1),
(208, 4, 'Payyannur', 1, 1),
(209, 4, 'Thalassery', 1, 1),
(210, 4, 'Thaliparambu', 1, 1),
(211, 4, 'AZHIKODE', 0, 1),
(212, 4, 'CHIRAKKAL', 0, 1),
(213, 4, 'PALLIKKUNNU', 0, 1),
(214, 4, 'PUZHATHI', 0, 1),
(215, 4, 'VALAPATTANAM', 0, 1),
(216, 4, 'ANJARAKANDY', 0, 1),
(217, 4, 'CHELORA', 0, 1),
(218, 4, 'CHEMBILODE', 0, 1),
(219, 4, 'EDAKKAD', 0, 1),
(220, 4, 'ELAYAVOOR', 0, 1),
(221, 4, 'KADAMBUR', 0, 1),
(222, 4, 'MUNDERI', 0, 1),
(223, 4, 'MUZHAPPILANGAD', 0, 1),
(224, 4, 'PERALASSERY', 0, 1),
(225, 4, 'ERUVASSI', 0, 1),
(226, 4, 'IRIKKUR', 0, 1),
(227, 4, 'KOLACHERI', 0, 1),
(228, 4, 'KUTTIATTUR', 0, 1),
(229, 4, 'MALAPPATTAM', 0, 1),
(230, 4, 'MAYYIL', 0, 1),
(231, 4, 'PADIYUR', 0, 1),
(232, 4, 'PAYYAVOOR', 0, 1),
(233, 4, 'SREEKANDAPURAM', 0, 1),
(234, 4, 'ULLIKAL', 0, 1),
(235, 4, 'ARALAM', 0, 1),
(236, 4, 'AYYANKUNNU', 0, 1),
(237, 4, 'KEEZHALLUR', 0, 1),
(238, 4, 'KEEZHUR-CHAVASSERI', 0, 1),
(239, 4, 'KOODALI', 0, 1),
(240, 4, 'MATTANNUR', 0, 1),
(241, 4, 'PAYAM', 0, 1),
(242, 4, 'THILLENKERI', 0, 1),
(243, 4, 'CHITTARIPARAMBA', 0, 1),
(244, 4, 'KUNNOTHPARAMBA', 0, 1),
(245, 4, 'KUTHUPARAMBA', 0, 1),
(246, 4, 'MANGATTIDAM', 0, 1),
(247, 4, 'MOKERI', 0, 1),
(248, 4, 'PANNIYANNUR', 0, 1),
(249, 4, 'PANOOR', 0, 1),
(250, 4, 'PATTIAM', 0, 1),
(251, 4, 'TRIPPANGOTTUR', 0, 1),
(252, 4, 'VENGAD', 0, 1),
(253, 4, 'CHERUPUZHA', 0, 1),
(254, 4, 'CHERUTHAZHAM', 0, 1),
(255, 4, 'ERAMAM-KUTTUR', 0, 1),
(256, 4, 'EZHOME', 0, 1),
(257, 4, 'KADANNAPPALLY-PANAPU', 0, 1),
(258, 4, 'KANKOLE ALAPPADAMBA', 0, 1),
(259, 4, 'KARIVELLUR-PERALAM', 0, 1),
(260, 4, 'KUNHIMANGALAM', 0, 1),
(261, 4, 'MADAYI', 0, 1),
(262, 4, 'MATTOOL', 0, 1),
(263, 4, 'PAYYANNUR', 0, 1),
(264, 4, 'PERINGOME', 0, 1),
(265, 4, 'RAMANTHALI', 0, 1),
(266, 4, 'KANICHAR', 0, 1),
(267, 4, 'KELAKAM', 0, 1),
(268, 4, 'KOLAYAD', 0, 1),
(269, 4, 'KUTTIYOOR', 0, 1),
(270, 4, 'MALUR', 0, 1),
(271, 4, 'MUZHAKKUNNU', 0, 1),
(272, 4, 'PERAVOOR', 0, 1),
(273, 4, 'ALAKKODE', 0, 1),
(274, 4, 'CHAPPARAPADAVU', 0, 1),
(275, 4, 'CHENGALAYI', 0, 1),
(276, 4, 'CHERUKUNNU', 0, 1),
(277, 4, 'KALLIASSERI', 0, 1),
(278, 4, 'KANNAPURAM', 0, 1),
(279, 4, 'KURUMATHUR', 0, 1),
(280, 4, 'NADUVU', 0, 1),
(281, 4, 'NARATH', 0, 1),
(282, 4, 'PAPPINISSERI', 0, 1),
(283, 4, 'PARIYARAM', 0, 1),
(284, 4, 'PATTUVAM', 0, 1),
(285, 4, 'TALIPARAMBA', 0, 1),
(286, 4, 'UDAYAGIRI', 0, 1),
(287, 4, 'CHOKLI', 0, 1),
(288, 4, 'DHARMADAM', 0, 1),
(289, 4, 'ERANHOLI', 0, 1),
(290, 4, 'KADIRUR', 0, 1),
(291, 4, 'KARIYAD', 0, 1),
(292, 4, 'KOTTAYAM', 0, 1),
(293, 4, 'NEW MAHE', 0, 1),
(294, 4, 'PERINGALAM', 0, 1),
(295, 4, 'PINARAYI', 0, 1),
(296, 5, 'Kasargode', 1, 1),
(297, 5, 'Kanjangad', 1, 1),
(298, 5, 'Neeleswaram', 1, 1),
(299, 5, 'Ajaanoor', 0, 1),
(300, 5, 'Balaal', 0, 1),
(301, 5, 'Beloor(Kodom)', 0, 1),
(302, 5, 'Badiyadukka', 0, 1),
(303, 5, 'Belloor', 0, 1),
(304, 5, 'Banthadukka', 0, 1),
(305, 5, 'Chemmanaad', 0, 1),
(306, 5, 'Cheruvathoor', 0, 1),
(307, 5, 'Cheemeni(Kayyoor)', 0, 1),
(308, 5, 'Padanna, Peelikode', 0, 1),
(309, 5, 'Thrukkaripur', 0, 1),
(310, 5, 'Madikkai', 0, 1),
(311, 5, 'Pallikara', 0, 1),
(312, 5, 'Panathady', 0, 1),
(313, 5, 'Periya(Pulloor)', 0, 1),
(314, 5, 'Chenkala', 0, 1),
(315, 5, 'Delampaady', 0, 1),
(316, 5, 'Kaaradukka', 0, 1),
(317, 5, 'Puthoor', 0, 1),
(318, 5, 'Eleri west ', 0, 1),
(319, 5, 'Eleri (East)', 0, 1),
(320, 5, 'Karinthalam \n(Kinanoor)', 0, 1),
(321, 5, 'Neeleswaram', 0, 1),
(322, 5, ' Mooliyaar', 0, 1),
(323, 5, 'Enmakaje', 0, 1),
(324, 5, 'Mancheswaram', 0, 1),
(325, 5, 'Meencha', 0, 1),
(326, 5, 'Paivalige', 0, 1),
(327, 5, 'Kumpadaaje', 0, 1),
(328, 5, 'Kumpala', 0, 1),
(329, 5, 'Madhur', 0, 1),
(330, 5, 'Mangalapaady', 0, 1),
(331, 5, 'Puthige', 0, 1),
(332, 5, 'Uduma', 0, 1),
(333, 5, 'Vorkkadi', 0, 1),
(334, 5, 'Valiyaparamp', 0, 1),
(335, 6, 'Kottayam', 1, 1),
(336, 6, 'Changanassery', 1, 1),
(337, 6, 'Vaikom', 1, 1),
(338, 6, 'Pala', 1, 1),
(339, 6, 'Ettumanoor', 0, 1),
(340, 6, 'Pallom', 0, 1),
(341, 6, 'Vaikom', 0, 1),
(342, 6, 'Kaduthuruthy', 0, 1),
(343, 6, 'Erattupetta', 0, 1),
(344, 6, 'Lalam', 0, 1),
(345, 6, 'Pampady', 0, 1),
(346, 6, 'Madappally', 0, 1),
(347, 6, 'Vazhoor', 0, 1),
(348, 6, 'Kanjirappally', 0, 1),
(349, 6, 'Uzhavoor', 0, 1),
(350, 7, 'Malappuram', 1, 1),
(351, 7, 'Perithalmanna', 1, 1),
(352, 7, 'Manchery', 1, 1),
(353, 7, 'Ponnani', 1, 1),
(354, 7, 'Thiroor', 1, 1),
(355, 7, 'Nilamboor', 1, 1),
(356, 7, 'Kottackal ', 1, 1),
(357, 7, 'Aalipparamp', 0, 1),
(358, 7, 'Aanakkayam', 0, 1),
(359, 7, 'Angaadippuram', 0, 1),
(360, 7, 'A.R. Nagar', 0, 1),
(361, 7, 'Chaaliyaar', 0, 1),
(362, 7, 'Chunkathara', 0, 1),
(363, 7, 'Edappal', 0, 1),
(364, 7, 'Eezhuvathuruthi', 0, 1),
(365, 7, 'Thavanoor', 0, 1),
(366, 7, 'Vattamkulam', 0, 1),
(367, 7, 'Pookkottoor', 0, 1),
(368, 7, 'Ponmala', 0, 1),
(369, 7, 'Oorakam', 0, 1),
(370, 7, 'Areekode', 0, 1),
(371, 7, 'Alamkode', 0, 1),
(372, 7, 'Marancherry', 0, 1),
(373, 7, 'Nannamukku', 0, 1),
(374, 7, 'Perumpadapp', 0, 1),
(375, 7, 'Veliyankode', 0, 1),
(376, 7, 'Purathoor', 0, 1),
(377, 7, 'Thalakkad', 0, 1),
(378, 7, 'Thirunnavaya', 0, 1),
(379, 7, 'Thruprangode', 0, 1),
(380, 7, 'Cheriyamundam', 0, 1),
(381, 7, 'Kalpakancherry', 0, 1),
(382, 7, 'Ozhoor', 0, 1),
(383, 7, 'Ponmundam', 0, 1),
(384, 7, 'Kuruva', 0, 1),
(385, 7, 'Mankada', 0, 1),
(386, 7, 'Makkarapparamp', 0, 1),
(387, 7, 'Moorkkanaad', 0, 1),
(388, 7, 'Pulaamanthol', 0, 1),
(389, 7, 'Puzhakkaattiri', 0, 1),
(390, 7, 'Kottackal', 0, 1),
(391, 7, 'Morayoor', 0, 1),
(392, 7, 'Nediyiruppu', 0, 1),
(393, 7, 'Edavanna', 0, 1),
(394, 7, 'Kaavannoor', 0, 1),
(395, 7, 'Pulppatta', 0, 1),
(396, 7, 'Thrukkalangode', 0, 1),
(397, 7, 'Kaalikaav', 0, 1),
(398, 7, 'Nannambra', 0, 1),
(399, 7, 'Parappanangaadi', 0, 1),
(400, 7, 'Thiroorangaadi', 0, 1),
(401, 7, 'Edarikkode', 0, 1),
(402, 7, 'Othukkungal', 0, 1),
(403, 7, 'Parappoor', 0, 1),
(404, 7, 'Thenjippala', 0, 1),
(405, 7, 'Thennala', 0, 1),
(406, 7, 'Aathavanad', 0, 1),
(407, 7, 'Edayoor', 0, 1),
(408, 7, ' \nIrumbilium', 0, 1),
(409, 7, 'Kuttippuram', 0, 1),
(410, 7, 'Maaraakkara', 0, 1),
(411, 7, 'Thanoor', 0, 1),
(412, 7, 'Thanaloor', 0, 1),
(413, 7, 'Valavannoor', 0, 1),
(414, 7, 'Munniyoor', 0, 1),
(415, 7, 'Koottilangaadi', 0, 1),
(416, 7, 'Edappatta', 0, 1),
(417, 7, 'Elamkulam', 0, 1),
(418, 7, 'Keezhaattoor', 0, 1),
(419, 7, 'Melattoor', 0, 1),
(420, 7, 'Thaazhekkaad', 0, 1),
(421, 7, 'Kodoor', 0, 1),
(422, 7, 'Karuvaarakkundu', 0, 1),
(423, 7, 'Mampaad', 0, 1),
(424, 7, 'Paandikkaad', 0, 1),
(425, 7, 'Poroor', 0, 1),
(426, 7, 'Thuvvoor', 0, 1),
(427, 7, 'Thiruvaali', 0, 1),
(428, 7, 'Amarapalam', 0, 1),
(429, 7, 'Edakkara', 0, 1),
(430, 7, 'Kurulaayi', 0, 1),
(431, 7, 'Moothedam', 0, 1),
(432, 7, 'Nilampur', 0, 1),
(433, 7, ' \nKozhikode', 0, 1),
(434, 7, 'Vallikkunnu', 0, 1),
(435, 7, 'Valaancherry', 0, 1),
(436, 7, 'Vandoor', 0, 1),
(437, 7, 'Vazhikkadav', 0, 1),
(438, 7, 'Vettathoor', 0, 1),
(439, 7, 'Vengara', 0, 1),
(440, 7, 'Vettom', 0, 1),
(441, 8, 'Palakkad', 1, 1),
(442, 8, 'Shornur', 1, 1),
(443, 8, 'Chittor', 1, 1),
(444, 8, 'Thathamangalam', 1, 1),
(445, 8, 'Ottapalam', 1, 1),
(446, 8, 'Akathethara', 0, 1),
(447, 8, 'Alanelloor', 0, 1),
(448, 8, 'Ambalappara', 0, 1),
(449, 8, 'Ananganady', 0, 1),
(450, 8, 'Ayiloor', 0, 1),
(451, 8, 'Chalavara', 0, 1),
(452, 8, 'Lakkidypperoor', 0, 1),
(453, 8, 'Nelliyampathy', 0, 1),
(454, 8, 'Nenmaara', 0, 1),
(455, 8, 'Pallassana', 0, 1),
(456, 8, 'Elavencherry', 0, 1),
(457, 8, 'Chaalisserry', 0, 1),
(458, 8, 'Kappoor', 0, 1),
(459, 8, 'Magalasserry', 0, 1),
(460, 8, 'Pattithara', 0, 1),
(461, 8, 'Thirumittakkode', 0, 1),
(462, 8, 'Thruthaala', 0, 1),
(463, 8, 'Agaly', 0, 1),
(464, 8, 'Puthoor', 0, 1),
(465, 8, 'Sholayoor', 0, 1),
(466, 8, 'Akathethara', 0, 1),
(467, 8, 'Keralasserry', 0, 1),
(468, 8, 'Melorkkode', 0, 1),
(469, 8, 'Elappully', 0, 1),
(470, 8, 'Polppully', 0, 1),
(471, 8, 'Elavancherry', 0, 1),
(472, 8, 'Koduvaayoor', 0, 1),
(473, 8, 'Kollankode', 0, 1),
(474, 8, 'Muthalamada', 0, 1),
(475, 8, 'Puthunagaram', 0, 1),
(476, 8, 'Vadavannoor', 0, 1),
(477, 8, 'Aalathoor', 0, 1),
(478, 8, 'Erimayoor', 0, 1),
(479, 8, 'Kannambra', 0, 1),
(480, 8, 'Kaavasserry', 0, 1),
(481, 8, 'Kizhakkancherry', 0, 1),
(482, 8, 'Melarkkaad', 0, 1),
(483, 8, 'Puthukkode', 0, 1),
(484, 8, 'Tharoor', 0, 1),
(485, 8, 'Vaniyamkulam', 0, 1),
(486, 8, 'Koppam', 0, 1),
(487, 8, 'Kulukkaloor', 0, 1),
(488, 8, 'Muthuthala', 0, 1),
(489, 8, 'Nellaaya', 0, 1),
(490, 8, 'Ongalloor', 0, 1),
(491, 8, 'Pattaambi', 0, 1),
(492, 8, 'Puthuppariyaaram', 0, 1),
(493, 8, 'Kodumpu', 0, 1),
(494, 8, 'Malampuzha', 0, 1),
(495, 8, 'Puthuppariyaaram', 0, 1),
(496, 8, 'Paruthoor', 0, 1),
(497, 8, 'Peruvempu', 0, 1),
(498, 8, 'Cherppulasserry', 0, 1),
(499, 8, 'Kadampazhippuram', 0, 1),
(500, 8, 'Karimpuzha', 0, 1),
(501, 8, 'Thiruvegappuram', 0, 1),
(502, 8, 'Aanakkara', 0, 1),
(503, 8, 'Kongadu', 0, 1),
(504, 8, 'Kottaayi', 0, 1),
(505, 8, 'Kuthanoor', 0, 1),
(506, 8, 'Kuzhalmannam', 0, 1),
(507, 8, 'Maathoor', 0, 1),
(508, 8, 'Malampuzha', 0, 1),
(509, 8, 'Mankara', 0, 1),
(510, 8, 'Mannoor', 0, 1),
(511, 8, 'Marutharode', 0, 1),
(512, 8, 'Mundoor', 0, 1),
(513, 8, 'Parali', 0, 1),
(514, 8, 'Piraayiri', 0, 1),
(515, 8, 'Maruth Road', 0, 1),
(516, 8, 'Polppully', 0, 1),
(517, 8, 'Elappully', 0, 1),
(518, 8, 'Puthusserry', 0, 1),
(519, 8, 'Pookkottukaavu', 0, 1),
(520, 8, 'Sreekirshnapuram', 0, 1),
(521, 8, 'Thrukkadeeri', 0, 1),
(522, 8, 'Karaakkurissi', 0, 1),
(523, 8, 'Karimpa', 0, 1),
(524, 8, 'Kottoppaadam', 0, 1),
(525, 8, 'Kumaramputhoor', 0, 1),
(526, 8, 'Pottasserry', 0, 1),
(527, 8, 'Thachanaattukara', 0, 1),
(528, 8, 'Thachampaara', 0, 1),
(529, 8, 'Peringottukurissi', 0, 1),
(530, 8, 'Thenkurissi', 0, 1),
(531, 8, 'Peruvemp', 0, 1),
(532, 8, 'Puthusserry', 0, 1),
(533, 8, 'Kannaady', 0, 1),
(534, 8, 'Vallappuzha', 0, 1),
(535, 8, 'Vilayoor', 0, 1),
(536, 8, 'Vandaazhi', 0, 1),
(537, 8, 'Vadakkancherry', 0, 1),
(538, 8, 'Vellinezhi', 0, 1),
(539, 9, 'Aluva', 1, 1),
(540, 9, 'Angamaly', 1, 1),
(541, 9, 'Eloor', 1, 1),
(542, 9, 'Kalamassery', 1, 1),
(543, 9, 'Kothamangalam', 1, 1),
(544, 9, 'Maradu', 1, 1),
(545, 9, 'North PaKottuvallyravur', 1, 1),
(546, 9, 'Perumbavoor', 1, 1),
(547, 9, 'Thrikkakkara', 1, 1),
(548, 9, 'Thrippunithara', 1, 1),
(549, 9, 'Muvattupuzha', 1, 1),
(550, 9, 'Chendamangalam', 0, 1),
(551, 9, 'Ezhikkara', 0, 1),
(552, 9, 'Vadakkekara', 0, 1),
(553, 9, 'Chittattukara', 0, 1),
(554, 9, 'Karumalloor', 0, 1),
(555, 9, 'Varapuzha', 0, 1),
(556, 9, 'Alangad', 0, 1),
(557, 9, 'Kadungalloor', 0, 1),
(558, 9, 'Mookkanoor', 0, 1),
(559, 9, 'Thuravoor', 0, 1),
(560, 9, 'Manjapra', 0, 1),
(561, 9, 'Karukutty', 0, 1),
(562, 9, 'Ayyampuzha', 0, 1),
(563, 9, 'Kanjoor', 0, 1),
(564, 9, 'Kalady', 0, 1),
(565, 9, 'Malayattoor- Neeleswaram', 0, 1),
(566, 9, 'Asamannur', 0, 1),
(567, 9, 'Mudakkuzha', 0, 1),
(568, 9, 'Vengoor', 0, 1),
(569, 9, 'Rayamangalam', 0, 1),
(570, 9, 'Koovappady', 0, 1),
(571, 9, 'Okkal', 0, 1),
(572, 9, 'Vengola', 0, 1),
(573, 9, 'Vazhakkulam', 0, 1),
(574, 9, 'Kizhakkambalam', 0, 1),
(575, 9, 'Choornikkara', 0, 1),
(576, 9, 'Edathala', 0, 1),
(577, 9, 'Keezhmadu', 0, 1),
(578, 9, 'Kadamakkudy', 0, 1),
(579, 9, 'Cheranallur', 0, 1),
(580, 9, 'Mulavukadu', 0, 1),
(581, 9, 'Elamkunnapuzha', 0, 1),
(582, 9, 'Njarakkal', 0, 1),
(583, 9, 'Nayarambalam', 0, 1),
(584, 9, 'Edavanakad', 0, 1),
(585, 9, 'Pallippuram', 0, 1),
(586, 9, 'Chellanam', 0, 1),
(587, 9, 'Kumbalanghy', 0, 1),
(588, 9, 'Kumbalam', 0, 1),
(589, 9, 'Udayamperoor', 0, 1),
(590, 9, 'Mulamthuruthy', 0, 1),
(591, 9, 'Chottanikara', 0, 1),
(592, 9, 'Edakkattuvayal', 0, 1),
(593, 9, 'Amballur', 0, 1),
(594, 9, 'Maneedu', 0, 1),
(595, 9, 'Poothrika', 0, 1),
(596, 9, 'Thiruvaniyoor', 0, 1),
(597, 9, 'Vadavucode-Puthencruz', 0, 1),
(598, 9, 'Mazhuvannur', 0, 1),
(599, 9, 'Aikkaranadu', 0, 1),
(600, 9, 'Kunnathunad', 0, 1),
(601, 9, 'Paingottoor', 0, 1),
(602, 9, 'Nellikuzhy', 0, 1),
(603, 9, 'Pindimana', 0, 1),
(604, 9, 'Kavalangad', 0, 1),
(605, 9, 'Varapetty', 0, 1),
(606, 9, 'Piravom', 0, 1),
(607, 9, 'Thirumaradi', 0, 1),
(608, 9, 'Koothattukulam', 0, 1),
(609, 9, 'Palakuzha', 0, 1),
(610, 9, 'Pampakuda', 0, 1),
(611, 9, 'Ramamangalam', 0, 1),
(612, 9, 'Chengamanadu', 0, 1),
(613, 9, 'Nedumbassery', 0, 1),
(614, 9, 'Parakkadavu', 0, 1),
(615, 9, 'Kunnukara', 0, 1),
(616, 9, 'Sreemoolanagaram', 0, 1),
(617, 9, 'Puthenvelikara', 0, 1),
(618, 9, 'Avoly', 0, 1),
(619, 9, 'Arakkuzha', 0, 1),
(620, 9, 'Paipra', 0, 1),
(621, 9, 'Kalloorkad', 0, 1),
(622, 9, 'Ayavana', 0, 1),
(623, 9, 'Manjallur', 0, 1),
(624, 9, 'Marady', 0, 1),
(625, 9, 'Valakom', 0, 1),
(626, 10, 'Adoor', 1, 1),
(627, 10, 'Thiruvalla', 1, 1),
(628, 10, 'Pathanamthitta', 1, 1),
(629, 10, 'Kallooppara', 0, 1),
(630, 10, 'Anicadu', 0, 1),
(631, 10, 'Kaviyoor', 0, 1),
(632, 10, 'Kottanadu', 0, 1),
(633, 10, 'Kunnamthanam', 0, 1),
(634, 10, 'Mallappally', 0, 1),
(635, 10, 'Kottangal', 0, 1),
(636, 10, 'Kadapra', 0, 1),
(637, 10, 'Kuttoor', 0, 1),
(638, 10, 'Niranam', 0, 1),
(639, 10, 'Peringara', 0, 1),
(640, 10, 'Nedumbram', 0, 1),
(641, 10, 'Aiyroor', 0, 1),
(642, 10, 'koipuram', 0, 1),
(643, 10, 'Ezhumattoor', 0, 1),
(644, 10, 'Eraviperoor', 0, 1),
(645, 10, 'Thottappuzhassery', 0, 1),
(646, 10, 'Puramattom', 0, 1),
(647, 10, 'RanniPazhavangadi', 0, 1),
(648, 10, 'Ranni-Angadi', 0, 1),
(649, 10, 'Ranni-Perinadu', 0, 1),
(650, 10, 'Ranni', 0, 1),
(651, 10, 'Vadaserikkara', 0, 1),
(652, 10, 'Chittar', 0, 1),
(653, 10, 'Seethathode', 0, 1),
(654, 10, 'Vechoochira', 0, 1),
(655, 10, 'Naranamozhy ', 0, 1),
(656, 10, 'Aruvapulam', 0, 1),
(657, 10, 'Konni', 0, 1),
(658, 10, 'Pramadom', 0, 1),
(659, 10, 'Vallikodu', 0, 1),
(660, 10, 'Mylapra', 0, 1),
(661, 10, 'Thannithodu', 0, 1),
(662, 10, 'Malayalapuzha', 0, 1),
(663, 10, 'Kozhenchery', 0, 1),
(664, 10, 'Ommaloor', 0, 1),
(665, 10, 'Mallappuzhassery', 0, 1),
(666, 10, 'Elantoor', 0, 1),
(667, 10, 'Naranganam', 0, 1),
(668, 10, 'Cherukol', 0, 1),
(669, 10, 'Chenneerkkara', 0, 1),
(670, 10, 'Thekkekara', 0, 1),
(671, 10, 'Pandalam', 0, 1),
(672, 10, 'Thumpamon', 0, 1),
(673, 10, 'Mezhuveli', 0, 1),
(674, 10, 'Kulanada', 0, 1),
(675, 10, 'Aranmula', 0, 1),
(676, 10, 'Enadimangalam', 0, 1),
(677, 10, 'Ezhamkulam', 0, 1),
(678, 10, 'Kadampanadu', 0, 1),
(679, 10, 'Kodumon', 0, 1),
(680, 10, 'Erathu', 0, 1),
(681, 10, 'Kalanjoor', 0, 1),
(682, 10, 'Pallikal', 0, 1),
(683, 11, 'Irngalakuda', 1, 1),
(684, 11, 'Kunnamkulam', 1, 1),
(685, 11, 'Chalakudy', 1, 1),
(686, 11, 'Kodungallur', 1, 1),
(687, 11, 'Chavakad', 1, 1),
(688, 11, 'Guruvayoor', 1, 1),
(689, 11, 'Anthikkad', 0, 1),
(690, 11, 'Adaattu', 0, 1),
(691, 11, 'Arirapoor', 0, 1),
(692, 11, 'Avanoor', 0, 1),
(693, 11, 'Arthattu', 0, 1),
(694, 11, 'Ayyanthol', 0, 1),
(695, 11, 'Pazhoor', 0, 1),
(696, 11, 'Manaloor', 0, 1),
(697, 11, 'Thanniyam', 0, 1),
(698, 11, 'Avinisserry', 0, 1),
(699, 11, 'Cherpu', 0, 1),
(700, 11, 'Koorkkancherry', 0, 1),
(701, 11, 'Olloor', 0, 1),
(702, 11, 'Pavalam', 0, 1),
(703, 11, ' Vallachira', 0, 1),
(704, 11, 'Choondal', 0, 1),
(705, 11, 'Chovvannoor', 0, 1),
(706, 11, 'Kadavalloor', 0, 1),
(707, 11, 'Kandanasserry', 0, 1),
(708, 11, 'Kattakampal', 0, 1),
(709, 11, 'Porkkulam', 0, 1),
(710, 11, 'Chelakkara', 0, 1),
(711, 11, 'Kondazhi', 0, 1),
(712, 11, 'Panjal', 0, 1),
(713, 11, 'Pazhayannoor', 0, 1),
(714, 11, 'Thiruvilwamala', 0, 1),
(715, 11, 'Desamangalam', 0, 1),
(716, 11, 'Erumappetty', 0, 1),
(717, 11, 'Kolazhy', 0, 1),
(718, 11, 'Maadakkathara', 0, 1),
(719, 11, 'Nadathara', 0, 1),
(720, 11, 'Ollookkara', 0, 1),
(721, 11, 'Paanancherry', 0, 1),
(722, 11, 'Puthoor', 0, 1),
(723, 11, 'Vilavattam', 0, 1),
(724, 11, 'Kalloor- Vadakkummury', 0, 1),
(725, 11, 'Kodasserry', 0, 1),
(726, 11, 'Koratty', 0, 1),
(727, 11, 'Meloor', 0, 1),
(728, 11, 'Pariyaram', 0, 1),
(729, 11, 'Mattathoor', 0, 1),
(730, 11, 'Karalam', 0, 1),
(731, 11, 'Kathoor', 0, 1),
(732, 11, 'Mooriyad', 0, 1),
(733, 11, 'Parappookkara', 0, 1),
(734, 11, 'Porathissery', 0, 1),
(735, 11, 'Kaipparampu', 0, 1),
(736, 11, 'Killannoor', 0, 1),
(737, 11, 'Tholoor', 0, 1),
(738, 11, 'Kodakara', 0, 1),
(739, 11, 'Nenmanikkara', 0, 1),
(740, 11, 'Mattathoor', 0, 1),
(741, 11, 'Puthukkad', 0, 1),
(742, 11, 'Alagappanagar', 0, 1),
(743, 11, 'Thrukkoor', 0, 1),
(744, 11, 'Varantharappally', 0, 1),
(745, 11, 'Aloor', 0, 1),
(746, 11, 'Annamanada', 0, 1),
(747, 11, 'Kuzhoor', 0, 1),
(748, 11, 'Mala', 0, 1),
(749, 11, 'Poyya', 0, 1),
(750, 11, 'Padiyoor', 0, 1),
(751, 11, 'Poomangalam', 0, 1),
(752, 11, 'Puthenchira', 0, 1),
(753, 11, 'Vellangalloor', 0, 1),
(754, 11, 'Kadappuram', 0, 1),
(755, 11, 'Orumanayoor', 0, 1),
(756, 11, 'Pookkode', 0, 1),
(757, 11, 'Punnayoor', 0, 1),
(758, 11, 'Punnayoorkkulam', 0, 1),
(759, 11, 'Thykkad', 0, 1),
(760, 11, 'Elavally', 0, 1),
(761, 11, 'Mullasserry', 0, 1),
(762, 11, 'Pavaratty', 0, 1),
(763, 11, 'Engandiyoor', 0, 1),
(764, 11, 'Nattika', 0, 1),
(765, 11, 'Thalikkulam', 0, 1),
(766, 11, 'Vadanappally', 0, 1),
(767, 11, 'Valappad', 0, 1),
(768, 11, 'Kadangode', 0, 1),
(769, 11, 'Mulloorkkara', 0, 1),
(770, 11, 'Mundathikkode', 0, 1),
(771, 11, 'Thekkumkara', 0, 1),
(772, 11, 'Edavilangad', 0, 1),
(773, 11, 'Eriyad', 0, 1),
(774, 11, 'Methala', 0, 1),
(775, 11, 'Edathiruthi', 0, 1),
(776, 11, 'Kaippamangalam', 0, 1),
(777, 11, 'Mathilakom', 0, 1),
(778, 11, 'Perinjanam', 0, 1),
(779, 11, 'Sreenarayanapuram', 0, 1),
(780, 11, 'Vettilappara', 0, 1),
(781, 11, 'Venkitang', 0, 1),
(782, 11, 'Vallathol Nagar', 0, 1),
(783, 11, 'Velookkara', 0, 1),
(784, 11, 'Vadakkekad', 0, 1),
(785, 11, 'Varavoor', 0, 1),
(786, 11, 'Veloor', 0, 1),
(787, 11, 'Vadakkancherry', 0, 1),
(788, 12, 'Varkala', 1, 1),
(789, 12, 'Neyyattinkara', 1, 1),
(790, 12, 'Attingal', 1, 1),
(791, 12, 'Nedumangadu', 1, 1),
(792, 12, 'Parasala', 0, 1),
(793, 12, 'Karode', 0, 1),
(794, 12, 'Kulathur', 0, 1),
(795, 12, 'Chenkal', 0, 1),
(796, 12, 'Thiruparam', 0, 1),
(797, 12, 'Povaar', 0, 1),
(798, 12, 'Vellarada', 0, 1),
(799, 12, 'Kunathukal', 0, 1),
(800, 12, 'Kollayil', 0, 1),
(801, 12, 'Perumkadavila', 0, 1),
(802, 12, 'Aaryankodu', 0, 1),
(803, 12, 'Ottasekharamangalam', 0, 1),
(804, 12, 'Kallikkaru', 0, 1),
(805, 12, 'Asoori', 0, 1),
(806, 12, 'Athiyaanuru', 0, 1),
(807, 12, 'Kanjiramkulam', 0, 1),
(808, 12, 'Karumkulam', 0, 1),
(809, 12, 'Kottukal', 0, 1),
(810, 12, 'Vizhinjam', 0, 1),
(811, 12, 'Vendanoor', 0, 1),
(812, 12, 'Maranelloor', 0, 1),
(813, 12, 'Balaramapuram', 0, 1),
(814, 12, 'Pallichal', 0, 1),
(815, 12, 'Malayinkeezhu', 0, 1),
(816, 12, 'Vilappil', 0, 1),
(817, 12, 'Vilavoorkal', 0, 1),
(818, 12, 'Kalliyoor', 0, 1),
(819, 12, 'Vattiyoorkaavu', 0, 1),
(820, 12, 'Kudapanakunnu', 0, 1),
(821, 12, 'Sreekaaryam', 0, 1),
(822, 12, 'Pothankodu', 0, 1),
(823, 12, 'Mangalapuram', 0, 1),
(824, 12, 'Andoorkonam', 0, 1),
(825, 12, 'Kadinamkulam', 0, 1),
(826, 12, 'Kazhakoottam', 0, 1),
(827, 12, 'Kattakada', 0, 1),
(828, 12, 'Vellanadu', 0, 1),
(829, 13, 'Kalpetta', 1, 1),
(830, 13, 'Ampalavayal', 0, 1),
(831, 13, 'MeppadyKottathara', 0, 1),
(832, 13, 'Padinjarethara', 0, 1),
(833, 13, 'Thariyode', 0, 1),
(834, 13, 'Pozhuthana', 0, 1),
(835, 13, 'Kaniyampatta', 0, 1),
(836, 13, 'Muttil', 0, 1),
(837, 13, 'Maananthavaady', 0, 1);